Date,Type,Category,Bank,Currency,Amount,Description,Notes
2026-09-05,Expense,Cell Phone,Chase Debit,USD,48.33,T Mobile Prepaid,
2026-09-05,Expense,Transportation,Chase Debit,USD,35.96,Lyft Airport to Hotel,
2026-09-06,Expense,Groceries,Chase Debit,USD,49.40,Walgreen for Delayed Luggage (United Airline),
2026-09-06,Expense,Groceries,Chase Debit,USD,16.83,Walmart,
2026-09-06,Expense,Groceries,Chase Debit,USD,81.33,Walmart for reimbursement,
2026-09-06,Expense,Transportation,Chase Debit,USD,180.00,Luggage tag from sanfran to orlando (venmo chú long),
2026-09-07,Expense,Rent,Chase Debit,USD,400.00,Deposit,
2026-09-07,Expense,Shopping,Chase Debit,USD,49.38,Temu,
2026-09-07,Expense,Shopping,Chase Debit,USD,53.91,Temu,
2026-09-08,Expense,Other,Techcombank Debit,VND,204000,Tricount,
2026-09-10,Expense,Shopping,Chase Debit,USD,73.44,Amazon,
2026-09-10,Expense,Shopping,Chase Debit,USD,27.15,Amazon,
2026-09-11,Expense,Shopping,Chase Debit,USD,463.10,Amazon for ying,
2026-09-12,Transfer,Transfer,Techcombank Saving,VND,10000000,Chuyển tiền,
2026-09-12,Expense,Transportation,Techcombank Debit,VND,7000000,Gửi hàng từ việt nam qua mỹ,
2026-09-12,Expense,Groceries,Chase Debit,USD,322.44,Weee,
2026-09-13,Expense,Shopping,Chase Debit,USD,34.52,Amazon,
2026-09-13,Expense,Transportation,Chase Debit,USD,7.94,Uber,
2026-09-13,Expense,Entertainment,Techcombank Debit,VND,74900,Spotify,
2026-09-13,Expense,Entertainment,Techcombank Debit,VND,308900,Apple icloud 2TB,
2026-09-13,Income,Other,Techcombank Debit,VND,211,Interest,
2026-09-14,Expense,Shopping,Chase Debit,USD,57.50,Amazon rice cooker,
2026-09-14,Income,Reimbursement,Chase Debit,USD,230.00,United refund,
2026-09-14,Expense,Other,Chase Debit,USD,57.76,Ups vietnam package,
2026-09-16,Income,Cash,Chase Debit,USD,1055.00,Cash,
2026-09-16,Expense,Transportation,Chase Debit,USD,5.57,Uber to chase,
2026-09-16,Expense,Transportation,Chase Credit,USD,7.93,Uber back home,
2026-09-16,Expense,Transportation,Chase Credit,USD,9.96,Uber to hotel,
2026-09-17,Expense,Other,Techcombank Debit,VND,510000,Cốc,
2026-09-17,Expense,Groceries,Chase Credit,USD,45.51,Weee,
2026-09-19,Expense,Rent,Chase Debit,USD,782.50,Rental september + costco,
2026-09-19,Expense,Groceries,Chase Credit,USD,97.99,Instacart,
2026-09-19,Expense,Groceries,Chase Credit,USD,2.30,Instacart,
2026-09-19,Expense,Groceries,Chase Credit,USD,45.13,Publix,
2026-09-22,Expense,Transportation,Chase Credit,USD,6.79,Uber,
2026-09-22,Expense,Groceries,Chase Credit,USD,71.27,Weee,
2026-09-22,Expense,Transportation,Chase Credit,USD,6.52,Uber,
2026-09-23,Expense,Transportation,Chase Credit,USD,6.61,Uber,
2026-09-23,Expense,Shopping,Chase Debit,USD,230.01,Amazon to ying,
2026-09-23,Expense,Shopping,Chase Debit,USD,9.65,Ups,
2026-09-24,Expense,Transportation,Chase Credit,USD,6.60,Uber,
2026-09-25,Income,Hotel,Chase Debit,USD,1025.93,Paycheck,
2026-09-25,Expense,Transportation,Chase Credit,USD,6.94,Uber,
2026-09-25,Expense,Transportation,Chase Credit,USD,7.21,Uber,
2026-09-26,Expense,Transportation,Chase Credit,USD,6.01,Uber,
2026-09-26,Expense,Transportation,Chase Credit,USD,6.49,Uber,
2026-09-26,Expense,Groceries,Chase Credit,USD,147.53,H Mart,
2026-09-26,Expense,Food/ Restaurant,Chase Credit,USD,32.91,Paik Noodle,
2026-09-26,Expense,Groceries,Chase Credit,USD,10.98,Publix,
2026-09-27,Expense,Transportation,Chase Credit,USD,5.57,Uber,
2026-09-27,Expense,Transportation,Chase Credit,USD,5.30,Uber,
2026-09-27,Expense,Other,Techcombank Debit,VND,2000000,Cho đức vay,
2026-09-28,Transfer,Transfer,Techcombank Saving,VND,10000000,Transfer,
2026-09-28,Transfer,Transfer,Techcombank Debit,VND,2651901,Trả credit,
2026-09-28,Income,Other,Techcombank Credit,VND,113136,Interest,
2026-09-28,Expense,Transportation,Chase Credit,USD,5.74,Uber,
2026-09-28,Expense,Transportation,Chase Credit,USD,4.90,Uber,
2026-09-29,Expense,Other,Share Account,VND,1500000,Đức rút tiền: nợ tháng 9 là 3tr,
2026-09-29,Expense,Shopping,Chase Credit,USD,30.26,Temu,
2026-09-29,Transfer,Transfer,Chase Debit,USD,530.25,Pay credit,
2026-09-30,Expense,Groceries,Chase Credit,USD,12.36,Instacart,
2026-10-01,Expense,Rent,Chase Debit,USD,900.00,Housing,
2026-10-01,Expense,Transportation,Chase Credit,USD,6.56,Uber,
2026-10-01,Expense,Transportation,Chase Credit,USD,5.95,Uber,
2026-10-02,Expense,Transportation,Chase Credit,USD,6.47,Uber,
2026-10-02,Expense,Transportation,Chase Credit,USD,8.26,Uber,
2026-10-03,Expense,Transportation,Chase Credit,USD,6.16,Uber,
2026-10-03,Expense,Transportation,Chase Credit,USD,4.89,Uber,
2026-10-03,Expense,Shopping,Chase Credit,USD,21.15,Temu,
2026-10-03,Expense,Groceries,Chase Credit,USD,7.00,Nezha walmart yogurt,
2026-10-04,Expense,Transportation,Chase Credit,USD,5.67,Uber,
2026-10-04,Expense,Transportation,Chase Credit,USD,6.28,Uber,
2026-10-04,Expense,Cell Phone,Chase Credit,USD,43.00,T Mobile,
2026-10-05,Expense,Transportation,Chase Credit,USD,6.34,Uber,
2026-10-05,Expense,Transportation,Chase Credit,USD,6.38,Uber,
2026-10-05,Expense,Groceries,Chase Credit,USD,76.25,Instacart,
2026-10-05,Expense,Shopping,Chase Credit,USD,22.43,Temu,
2026-10-07,Expense,Transportation,Chase Credit,USD,9.94,Lyft,
2026-10-07,Expense,Transportation,Chase Credit,USD,6.26,Uber,
2026-10-08,Expense,Transportation,Chase Credit,USD,5.18,Uber,
2026-10-08,Expense,Transportation,Chase Credit,USD,6.72,Uber,
2026-10-08,Expense,Groceries,Chase Credit,USD,85.50,Weee,
2026-10-09,Expense,Transportation,Chase Credit,USD,6.50,Uber,
2026-10-09,Expense,Transportation,Chase Credit,USD,,Uber,Amount missing in source
2026-10-09,Income,Hotel,Chase Debit,USD,1575.15,Paycheck,
